codigo,link,is_used,data_resgate,ip_resgate
CODE-0001,https://exemplo.com/ticket/0001,0,,
CODE-0002,https://exemplo.com/ticket/0002,0,,
CODE-0003,https://exemplo.com/ticket/0003,0,,
CODE-0004,https://exemplo.com/ticket/0004,0,,
CODE-0005,https://exemplo.com/ticket/0005,0,,
CODE-0006,https://exemplo.com/ticket/0006,0,,
CODE-0007,https://exemplo.com/ticket/0007,0,,
CODE-0008,https://exemplo.com/ticket/0008,0,,
CODE-0009,https://exemplo.com/ticket/0009,0,,
CODE-0010,https://exemplo.com/ticket/0010,0,,
CODE-0011,https://exemplo.com/ticket/0011,0,,
CODE-0012,https://exemplo.com/ticket/0012,0,,
CODE-0013,https://exemplo.com/ticket/0013,0,,
CODE-0014,https://exemplo.com/ticket/0014,0,,
CODE-0015,https://exemplo.com/ticket/0015,0,,
CODE-0016,https://exemplo.com/ticket/0016,0,,
CODE-0017,https://exemplo.com/ticket/0017,0,,
CODE-0018,https://exemplo.com/ticket/0018,0,,
CODE-0019,https://exemplo.com/ticket/0019,0,,
CODE-0020,https://exemplo.com/ticket/0020,1,2025-02-21 18:20:00,192.168.20.21
CODE-0021,https://exemplo.com/ticket/0021,0,,
CODE-0022,https://exemplo.com/ticket/0022,0,,
CODE-0023,https://exemplo.com/ticket/0023,0,,
CODE-0024,https://exemplo.com/ticket/0024,0,,
CODE-0025,https://exemplo.com/ticket/0025,0,,
CODE-0026,https://exemplo.com/ticket/0026,0,,
CODE-0027,https://exemplo.com/ticket/0027,0,,
CODE-0028,https://exemplo.com/ticket/0028,0,,
CODE-0029,https://exemplo.com/ticket/0029,0,,
CODE-0030,https://exemplo.com/ticket/0030,0,,
CODE-0031,https://exemplo.com/ticket/0031,0,,
CODE-0032,https://exemplo.com/ticket/0032,0,,
CODE-0033,https://exemplo.com/ticket/0033,0,,
CODE-0034,https://exemplo.com/ticket/0034,0,,
CODE-0035,https://exemplo.com/ticket/0035,0,,
CODE-0036,https://exemplo.com/ticket/0036,0,,
CODE-0037,https://exemplo.com/ticket/0037,0,,
CODE-0038,https://exemplo.com/ticket/0038,0,,
CODE-0039,https://exemplo.com/ticket/0039,0,,
CODE-0040,https://exemplo.com/ticket/0040,1,2025-02-20 14:40:00,192.168.40.41
CODE-0041,https://exemplo.com/ticket/0041,0,,
CODE-0042,https://exemplo.com/ticket/0042,0,,
CODE-0043,https://exemplo.com/ticket/0043,0,,
CODE-0044,https://exemplo.com/ticket/0044,0,,
CODE-0045,https://exemplo.com/ticket/0045,0,,
CODE-0046,https://exemplo.com/ticket/0046,0,,
CODE-0047,https://exemplo.com/ticket/0047,0,,
CODE-0048,https://exemplo.com/ticket/0048,0,,
CODE-0049,https://exemplo.com/ticket/0049,0,,
CODE-0050,https://exemplo.com/ticket/0050,0,,
CODE-0051,https://exemplo.com/ticket/0051,0,,
CODE-0052,https://exemplo.com/ticket/0052,0,,
CODE-0053,https://exemplo.com/ticket/0053,0,,
CODE-0054,https://exemplo.com/ticket/0054,0,,
CODE-0055,https://exemplo.com/ticket/0055,0,,
CODE-0056,https://exemplo.com/ticket/0056,0,,
CODE-0057,https://exemplo.com/ticket/0057,0,,
CODE-0058,https://exemplo.com/ticket/0058,0,,
CODE-0059,https://exemplo.com/ticket/0059,0,,
CODE-0060,https://exemplo.com/ticket/0060,1,2025-02-19 10:0:00,192.168.60.61
CODE-0061,https://exemplo.com/ticket/0061,0,,
CODE-0062,https://exemplo.com/ticket/0062,0,,
CODE-0063,https://exemplo.com/ticket/0063,0,,
CODE-0064,https://exemplo.com/ticket/0064,0,,
CODE-0065,https://exemplo.com/ticket/0065,0,,
CODE-0066,https://exemplo.com/ticket/0066,0,,
CODE-0067,https://exemplo.com/ticket/0067,0,,
CODE-0068,https://exemplo.com/ticket/0068,0,,
CODE-0069,https://exemplo.com/ticket/0069,0,,
CODE-0070,https://exemplo.com/ticket/0070,0,,
CODE-0071,https://exemplo.com/ticket/0071,0,,
CODE-0072,https://exemplo.com/ticket/0072,0,,
CODE-0073,https://exemplo.com/ticket/0073,0,,
CODE-0074,https://exemplo.com/ticket/0074,0,,
CODE-0075,https://exemplo.com/ticket/0075,0,,
CODE-0076,https://exemplo.com/ticket/0076,0,,
CODE-0077,https://exemplo.com/ticket/0077,0,,
CODE-0078,https://exemplo.com/ticket/0078,0,,
CODE-0079,https://exemplo.com/ticket/0079,0,,
CODE-0080,https://exemplo.com/ticket/0080,1,2025-02-18 18:20:00,192.168.80.81
CODE-0081,https://exemplo.com/ticket/0081,0,,
CODE-0082,https://exemplo.com/ticket/0082,0,,
CODE-0083,https://exemplo.com/ticket/0083,0,,
CODE-0084,https://exemplo.com/ticket/0084,0,,
CODE-0085,https://exemplo.com/ticket/0085,0,,
CODE-0086,https://exemplo.com/ticket/0086,0,,
CODE-0087,https://exemplo.com/ticket/0087,0,,
CODE-0088,https://exemplo.com/ticket/0088,0,,
CODE-0089,https://exemplo.com/ticket/0089,0,,
CODE-0090,https://exemplo.com/ticket/0090,0,,
CODE-0091,https://exemplo.com/ticket/0091,0,,
CODE-0092,https://exemplo.com/ticket/0092,0,,
CODE-0093,https://exemplo.com/ticket/0093,0,,
CODE-0094,https://exemplo.com/ticket/0094,0,,
CODE-0095,https://exemplo.com/ticket/0095,0,,
CODE-0096,https://exemplo.com/ticket/0096,0,,
CODE-0097,https://exemplo.com/ticket/0097,0,,
CODE-0098,https://exemplo.com/ticket/0098,0,,
CODE-0099,https://exemplo.com/ticket/0099,0,,
CODE-0100,https://exemplo.com/ticket/0100,1,2025-02-17 14:40:00,192.168.100.101
CODE-0101,https://exemplo.com/ticket/0101,0,,
CODE-0102,https://exemplo.com/ticket/0102,0,,
CODE-0103,https://exemplo.com/ticket/0103,0,,
CODE-0104,https://exemplo.com/ticket/0104,0,,
CODE-0105,https://exemplo.com/ticket/0105,0,,
CODE-0106,https://exemplo.com/ticket/0106,0,,
CODE-0107,https://exemplo.com/ticket/0107,0,,
CODE-0108,https://exemplo.com/ticket/0108,0,,
CODE-0109,https://exemplo.com/ticket/0109,0,,
CODE-0110,https://exemplo.com/ticket/0110,0,,
CODE-0111,https://exemplo.com/ticket/0111,0,,
CODE-0112,https://exemplo.com/ticket/0112,0,,
CODE-0113,https://exemplo.com/ticket/0113,0,,
CODE-0114,https://exemplo.com/ticket/0114,0,,
CODE-0115,https://exemplo.com/ticket/0115,0,,
CODE-0116,https://exemplo.com/ticket/0116,0,,
CODE-0117,https://exemplo.com/ticket/0117,0,,
CODE-0118,https://exemplo.com/ticket/0118,0,,
CODE-0119,https://exemplo.com/ticket/0119,0,,
CODE-0120,https://exemplo.com/ticket/0120,1,2025-02-16 10:0:00,192.168.120.121
CODE-0121,https://exemplo.com/ticket/0121,0,,
CODE-0122,https://exemplo.com/ticket/0122,0,,
CODE-0123,https://exemplo.com/ticket/0123,0,,
CODE-0124,https://exemplo.com/ticket/0124,0,,
CODE-0125,https://exemplo.com/ticket/0125,0,,
CODE-0126,https://exemplo.com/ticket/0126,0,,
CODE-0127,https://exemplo.com/ticket/0127,0,,
CODE-0128,https://exemplo.com/ticket/0128,0,,
CODE-0129,https://exemplo.com/ticket/0129,0,,
CODE-0130,https://exemplo.com/ticket/0130,0,,
CODE-0131,https://exemplo.com/ticket/0131,0,,
CODE-0132,https://exemplo.com/ticket/0132,0,,
CODE-0133,https://exemplo.com/ticket/0133,0,,
CODE-0134,https://exemplo.com/ticket/0134,0,,
CODE-0135,https://exemplo.com/ticket/0135,0,,
CODE-0136,https://exemplo.com/ticket/0136,0,,
CODE-0137,https://exemplo.com/ticket/0137,0,,
CODE-0138,https://exemplo.com/ticket/0138,0,,
CODE-0139,https://exemplo.com/ticket/0139,0,,
CODE-0140,https://exemplo.com/ticket/0140,1,2025-02-15 18:20:00,192.168.140.141
CODE-0141,https://exemplo.com/ticket/0141,0,,
CODE-0142,https://exemplo.com/ticket/0142,0,,
CODE-0143,https://exemplo.com/ticket/0143,0,,
CODE-0144,https://exemplo.com/ticket/0144,0,,
CODE-0145,https://exemplo.com/ticket/0145,0,,
CODE-0146,https://exemplo.com/ticket/0146,0,,
CODE-0147,https://exemplo.com/ticket/0147,0,,
CODE-0148,https://exemplo.com/ticket/0148,0,,
CODE-0149,https://exemplo.com/ticket/0149,0,,
CODE-0150,https://exemplo.com/ticket/0150,0,,
CODE-0151,https://exemplo.com/ticket/0151,0,,
CODE-0152,https://exemplo.com/ticket/0152,0,,
CODE-0153,https://exemplo.com/ticket/0153,0,,
CODE-0154,https://exemplo.com/ticket/0154,0,,
CODE-0155,https://exemplo.com/ticket/0155,0,,
CODE-0156,https://exemplo.com/ticket/0156,0,,
CODE-0157,https://exemplo.com/ticket/0157,0,,
CODE-0158,https://exemplo.com/ticket/0158,0,,
CODE-0159,https://exemplo.com/ticket/0159,0,,
CODE-0160,https://exemplo.com/ticket/0160,1,2025-02-21 14:40:00,192.168.160.161
CODE-0161,https://exemplo.com/ticket/0161,0,,
CODE-0162,https://exemplo.com/ticket/0162,0,,
CODE-0163,https://exemplo.com/ticket/0163,0,,
CODE-0164,https://exemplo.com/ticket/0164,0,,
CODE-0165,https://exemplo.com/ticket/0165,0,,
CODE-0166,https://exemplo.com/ticket/0166,0,,
CODE-0167,https://exemplo.com/ticket/0167,0,,
CODE-0168,https://exemplo.com/ticket/0168,0,,
CODE-0169,https://exemplo.com/ticket/0169,0,,
CODE-0170,https://exemplo.com/ticket/0170,0,,
CODE-0171,https://exemplo.com/ticket/0171,0,,
CODE-0172,https://exemplo.com/ticket/0172,0,,
CODE-0173,https://exemplo.com/ticket/0173,0,,
CODE-0174,https://exemplo.com/ticket/0174,0,,
CODE-0175,https://exemplo.com/ticket/0175,0,,
CODE-0176,https://exemplo.com/ticket/0176,0,,
CODE-0177,https://exemplo.com/ticket/0177,0,,
CODE-0178,https://exemplo.com/ticket/0178,0,,
CODE-0179,https://exemplo.com/ticket/0179,0,,
CODE-0180,https://exemplo.com/ticket/0180,1,2025-02-20 10:0:00,192.168.180.181
CODE-0181,https://exemplo.com/ticket/0181,0,,
CODE-0182,https://exemplo.com/ticket/0182,0,,
CODE-0183,https://exemplo.com/ticket/0183,0,,
CODE-0184,https://exemplo.com/ticket/0184,0,,
CODE-0185,https://exemplo.com/ticket/0185,0,,
CODE-0186,https://exemplo.com/ticket/0186,0,,
CODE-0187,https://exemplo.com/ticket/0187,0,,
CODE-0188,https://exemplo.com/ticket/0188,0,,
CODE-0189,https://exemplo.com/ticket/0189,0,,
CODE-0190,https://exemplo.com/ticket/0190,0,,
CODE-0191,https://exemplo.com/ticket/0191,0,,
CODE-0192,https://exemplo.com/ticket/0192,0,,
CODE-0193,https://exemplo.com/ticket/0193,0,,
CODE-0194,https://exemplo.com/ticket/0194,0,,
CODE-0195,https://exemplo.com/ticket/0195,0,,
CODE-0196,https://exemplo.com/ticket/0196,0,,
CODE-0197,https://exemplo.com/ticket/0197,0,,
CODE-0198,https://exemplo.com/ticket/0198,0,,
CODE-0199,https://exemplo.com/ticket/0199,0,,
CODE-0200,https://exemplo.com/ticket/0200,1,2025-02-19 18:20:00,192.168.200.201
CODE-0201,https://exemplo.com/ticket/0201,0,,
CODE-0202,https://exemplo.com/ticket/0202,0,,
CODE-0203,https://exemplo.com/ticket/0203,0,,
CODE-0204,https://exemplo.com/ticket/0204,0,,
CODE-0205,https://exemplo.com/ticket/0205,0,,
CODE-0206,https://exemplo.com/ticket/0206,0,,
CODE-0207,https://exemplo.com/ticket/0207,0,,
CODE-0208,https://exemplo.com/ticket/0208,0,,
CODE-0209,https://exemplo.com/ticket/0209,0,,
CODE-0210,https://exemplo.com/ticket/0210,0,,
CODE-0211,https://exemplo.com/ticket/0211,0,,
CODE-0212,https://exemplo.com/ticket/0212,0,,
CODE-0213,https://exemplo.com/ticket/0213,0,,
CODE-0214,https://exemplo.com/ticket/0214,0,,
CODE-0215,https://exemplo.com/ticket/0215,0,,
CODE-0216,https://exemplo.com/ticket/0216,0,,
CODE-0217,https://exemplo.com/ticket/0217,0,,
CODE-0218,https://exemplo.com/ticket/0218,0,,
CODE-0219,https://exemplo.com/ticket/0219,0,,
CODE-0220,https://exemplo.com/ticket/0220,1,2025-02-18 14:40:00,192.168.220.221
CODE-0221,https://exemplo.com/ticket/0221,0,,
CODE-0222,https://exemplo.com/ticket/0222,0,,
CODE-0223,https://exemplo.com/ticket/0223,0,,
CODE-0224,https://exemplo.com/ticket/0224,0,,
CODE-0225,https://exemplo.com/ticket/0225,0,,
CODE-0226,https://exemplo.com/ticket/0226,0,,
CODE-0227,https://exemplo.com/ticket/0227,0,,
CODE-0228,https://exemplo.com/ticket/0228,0,,
CODE-0229,https://exemplo.com/ticket/0229,0,,
CODE-0230,https://exemplo.com/ticket/0230,0,,
CODE-0231,https://exemplo.com/ticket/0231,0,,
CODE-0232,https://exemplo.com/ticket/0232,0,,
CODE-0233,https://exemplo.com/ticket/0233,0,,
CODE-0234,https://exemplo.com/ticket/0234,0,,
CODE-0235,https://exemplo.com/ticket/0235,0,,
CODE-0236,https://exemplo.com/ticket/0236,0,,
CODE-0237,https://exemplo.com/ticket/0237,0,,
CODE-0238,https://exemplo.com/ticket/0238,0,,
CODE-0239,https://exemplo.com/ticket/0239,0,,
CODE-0240,https://exemplo.com/ticket/0240,1,2025-02-17 10:0:00,192.168.240.241
CODE-0241,https://exemplo.com/ticket/0241,0,,
CODE-0242,https://exemplo.com/ticket/0242,0,,
CODE-0243,https://exemplo.com/ticket/0243,0,,
CODE-0244,https://exemplo.com/ticket/0244,0,,
CODE-0245,https://exemplo.com/ticket/0245,0,,
CODE-0246,https://exemplo.com/ticket/0246,0,,
CODE-0247,https://exemplo.com/ticket/0247,0,,
CODE-0248,https://exemplo.com/ticket/0248,0,,
CODE-0249,https://exemplo.com/ticket/0249,0,,
CODE-0250,https://exemplo.com/ticket/0250,0,,
CODE-0251,https://exemplo.com/ticket/0251,0,,
CODE-0252,https://exemplo.com/ticket/0252,0,,
CODE-0253,https://exemplo.com/ticket/0253,0,,
CODE-0254,https://exemplo.com/ticket/0254,0,,
CODE-0255,https://exemplo.com/ticket/0255,0,,
CODE-0256,https://exemplo.com/ticket/0256,0,,
CODE-0257,https://exemplo.com/ticket/0257,0,,
CODE-0258,https://exemplo.com/ticket/0258,0,,
CODE-0259,https://exemplo.com/ticket/0259,0,,
CODE-0260,https://exemplo.com/ticket/0260,1,2025-02-16 18:20:00,192.168.4.8
CODE-0261,https://exemplo.com/ticket/0261,0,,
CODE-0262,https://exemplo.com/ticket/0262,0,,
CODE-0263,https://exemplo.com/ticket/0263,0,,
CODE-0264,https://exemplo.com/ticket/0264,0,,
CODE-0265,https://exemplo.com/ticket/0265,0,,
CODE-0266,https://exemplo.com/ticket/0266,0,,
CODE-0267,https://exemplo.com/ticket/0267,0,,
CODE-0268,https://exemplo.com/ticket/0268,0,,
CODE-0269,https://exemplo.com/ticket/0269,0,,
CODE-0270,https://exemplo.com/ticket/0270,0,,
CODE-0271,https://exemplo.com/ticket/0271,0,,
CODE-0272,https://exemplo.com/ticket/0272,0,,
CODE-0273,https://exemplo.com/ticket/0273,0,,
CODE-0274,https://exemplo.com/ticket/0274,0,,
CODE-0275,https://exemplo.com/ticket/0275,0,,
CODE-0276,https://exemplo.com/ticket/0276,0,,
CODE-0277,https://exemplo.com/ticket/0277,0,,
CODE-0278,https://exemplo.com/ticket/0278,0,,
CODE-0279,https://exemplo.com/ticket/0279,0,,
CODE-0280,https://exemplo.com/ticket/0280,1,2025-02-15 14:40:00,192.168.24.28
CODE-0281,https://exemplo.com/ticket/0281,0,,
CODE-0282,https://exemplo.com/ticket/0282,0,,
CODE-0283,https://exemplo.com/ticket/0283,0,,
CODE-0284,https://exemplo.com/ticket/0284,0,,
CODE-0285,https://exemplo.com/ticket/0285,0,,
CODE-0286,https://exemplo.com/ticket/0286,0,,
CODE-0287,https://exemplo.com/ticket/0287,0,,
CODE-0288,https://exemplo.com/ticket/0288,0,,
CODE-0289,https://exemplo.com/ticket/0289,0,,
CODE-0290,https://exemplo.com/ticket/0290,0,,
CODE-0291,https://exemplo.com/ticket/0291,0,,
CODE-0292,https://exemplo.com/ticket/0292,0,,
CODE-0293,https://exemplo.com/ticket/0293,0,,
CODE-0294,https://exemplo.com/ticket/0294,0,,
CODE-0295,https://exemplo.com/ticket/0295,0,,
CODE-0296,https://exemplo.com/ticket/0296,0,,
CODE-0297,https://exemplo.com/ticket/0297,0,,
CODE-0298,https://exemplo.com/ticket/0298,0,,
CODE-0299,https://exemplo.com/ticket/0299,0,,
CODE-0300,https://exemplo.com/ticket/0300,1,2025-02-21 10:0:00,192.168.44.48
CODE-0301,https://exemplo.com/ticket/0301,0,,
CODE-0302,https://exemplo.com/ticket/0302,0,,
CODE-0303,https://exemplo.com/ticket/0303,0,,
CODE-0304,https://exemplo.com/ticket/0304,0,,
CODE-0305,https://exemplo.com/ticket/0305,0,,
CODE-0306,https://exemplo.com/ticket/0306,0,,
CODE-0307,https://exemplo.com/ticket/0307,0,,
CODE-0308,https://exemplo.com/ticket/0308,0,,
CODE-0309,https://exemplo.com/ticket/0309,0,,
CODE-0310,https://exemplo.com/ticket/0310,0,,
CODE-0311,https://exemplo.com/ticket/0311,0,,
CODE-0312,https://exemplo.com/ticket/0312,0,,
CODE-0313,https://exemplo.com/ticket/0313,0,,
CODE-0314,https://exemplo.com/ticket/0314,0,,
CODE-0315,https://exemplo.com/ticket/0315,0,,
CODE-0316,https://exemplo.com/ticket/0316,0,,
CODE-0317,https://exemplo.com/ticket/0317,0,,
CODE-0318,https://exemplo.com/ticket/0318,0,,
CODE-0319,https://exemplo.com/ticket/0319,0,,
CODE-0320,https://exemplo.com/ticket/0320,1,2025-02-20 18:20:00,192.168.64.68
CODE-0321,https://exemplo.com/ticket/0321,0,,
CODE-0322,https://exemplo.com/ticket/0322,0,,
CODE-0323,https://exemplo.com/ticket/0323,0,,
CODE-0324,https://exemplo.com/ticket/0324,0,,
CODE-0325,https://exemplo.com/ticket/0325,0,,
CODE-0326,https://exemplo.com/ticket/0326,0,,
CODE-0327,https://exemplo.com/ticket/0327,0,,
CODE-0328,https://exemplo.com/ticket/0328,0,,
CODE-0329,https://exemplo.com/ticket/0329,0,,
CODE-0330,https://exemplo.com/ticket/0330,0,,
CODE-0331,https://exemplo.com/ticket/0331,0,,
CODE-0332,https://exemplo.com/ticket/0332,0,,
CODE-0333,https://exemplo.com/ticket/0333,0,,
CODE-0334,https://exemplo.com/ticket/0334,0,,
CODE-0335,https://exemplo.com/ticket/0335,0,,
CODE-0336,https://exemplo.com/ticket/0336,0,,
CODE-0337,https://exemplo.com/ticket/0337,0,,
CODE-0338,https://exemplo.com/ticket/0338,0,,
CODE-0339,https://exemplo.com/ticket/0339,0,,
CODE-0340,https://exemplo.com/ticket/0340,1,2025-02-19 14:40:00,192.168.84.88
CODE-0341,https://exemplo.com/ticket/0341,0,,
CODE-0342,https://exemplo.com/ticket/0342,0,,
CODE-0343,https://exemplo.com/ticket/0343,0,,
CODE-0344,https://exemplo.com/ticket/0344,0,,
CODE-0345,https://exemplo.com/ticket/0345,0,,
CODE-0346,https://exemplo.com/ticket/0346,0,,
CODE-0347,https://exemplo.com/ticket/0347,0,,
CODE-0348,https://exemplo.com/ticket/0348,0,,
CODE-0349,https://exemplo.com/ticket/0349,0,,
CODE-0350,https://exemplo.com/ticket/0350,0,,
CODE-0351,https://exemplo.com/ticket/0351,0,,
CODE-0352,https://exemplo.com/ticket/0352,0,,
CODE-0353,https://exemplo.com/ticket/0353,0,,
CODE-0354,https://exemplo.com/ticket/0354,0,,
CODE-0355,https://exemplo.com/ticket/0355,0,,
CODE-0356,https://exemplo.com/ticket/0356,0,,
CODE-0357,https://exemplo.com/ticket/0357,0,,
CODE-0358,https://exemplo.com/ticket/0358,0,,
CODE-0359,https://exemplo.com/ticket/0359,0,,
CODE-0360,https://exemplo.com/ticket/0360,1,2025-02-18 10:0:00,192.168.104.108
CODE-0361,https://exemplo.com/ticket/0361,0,,
CODE-0362,https://exemplo.com/ticket/0362,0,,
CODE-0363,https://exemplo.com/ticket/0363,0,,
CODE-0364,https://exemplo.com/ticket/0364,0,,
CODE-0365,https://exemplo.com/ticket/0365,0,,
CODE-0366,https://exemplo.com/ticket/0366,0,,
CODE-0367,https://exemplo.com/ticket/0367,0,,
CODE-0368,https://exemplo.com/ticket/0368,0,,
CODE-0369,https://exemplo.com/ticket/0369,0,,
CODE-0370,https://exemplo.com/ticket/0370,0,,
CODE-0371,https://exemplo.com/ticket/0371,0,,
CODE-0372,https://exemplo.com/ticket/0372,0,,
CODE-0373,https://exemplo.com/ticket/0373,0,,
CODE-0374,https://exemplo.com/ticket/0374,0,,
CODE-0375,https://exemplo.com/ticket/0375,0,,
CODE-0376,https://exemplo.com/ticket/0376,0,,
CODE-0377,https://exemplo.com/ticket/0377,0,,
CODE-0378,https://exemplo.com/ticket/0378,0,,
CODE-0379,https://exemplo.com/ticket/0379,0,,
CODE-0380,https://exemplo.com/ticket/0380,1,2025-02-17 18:20:00,192.168.124.128
CODE-0381,https://exemplo.com/ticket/0381,0,,
CODE-0382,https://exemplo.com/ticket/0382,0,,
CODE-0383,https://exemplo.com/ticket/0383,0,,
CODE-0384,https://exemplo.com/ticket/0384,0,,
CODE-0385,https://exemplo.com/ticket/0385,0,,
CODE-0386,https://exemplo.com/ticket/0386,0,,
CODE-0387,https://exemplo.com/ticket/0387,0,,
CODE-0388,https://exemplo.com/ticket/0388,0,,
CODE-0389,https://exemplo.com/ticket/0389,0,,
CODE-0390,https://exemplo.com/ticket/0390,0,,
CODE-0391,https://exemplo.com/ticket/0391,0,,
CODE-0392,https://exemplo.com/ticket/0392,0,,
CODE-0393,https://exemplo.com/ticket/0393,0,,
CODE-0394,https://exemplo.com/ticket/0394,0,,
CODE-0395,https://exemplo.com/ticket/0395,0,,
CODE-0396,https://exemplo.com/ticket/0396,0,,
CODE-0397,https://exemplo.com/ticket/0397,0,,
CODE-0398,https://exemplo.com/ticket/0398,0,,
CODE-0399,https://exemplo.com/ticket/0399,0,,
CODE-0400,https://exemplo.com/ticket/0400,1,2025-02-16 14:40:00,192.168.144.148
CODE-0401,https://exemplo.com/ticket/0401,0,,
CODE-0402,https://exemplo.com/ticket/0402,0,,
CODE-0403,https://exemplo.com/ticket/0403,0,,
CODE-0404,https://exemplo.com/ticket/0404,0,,
CODE-0405,https://exemplo.com/ticket/0405,0,,
CODE-0406,https://exemplo.com/ticket/0406,0,,
CODE-0407,https://exemplo.com/ticket/0407,0,,
CODE-0408,https://exemplo.com/ticket/0408,0,,
CODE-0409,https://exemplo.com/ticket/0409,0,,
CODE-0410,https://exemplo.com/ticket/0410,0,,
CODE-0411,https://exemplo.com/ticket/0411,0,,
CODE-0412,https://exemplo.com/ticket/0412,0,,
CODE-0413,https://exemplo.com/ticket/0413,0,,
CODE-0414,https://exemplo.com/ticket/0414,0,,
CODE-0415,https://exemplo.com/ticket/0415,0,,
CODE-0416,https://exemplo.com/ticket/0416,0,,
CODE-0417,https://exemplo.com/ticket/0417,0,,
CODE-0418,https://exemplo.com/ticket/0418,0,,
CODE-0419,https://exemplo.com/ticket/0419,0,,
CODE-0420,https://exemplo.com/ticket/0420,1,2025-02-15 10:0:00,192.168.164.168
CODE-0421,https://exemplo.com/ticket/0421,0,,
CODE-0422,https://exemplo.com/ticket/0422,0,,
CODE-0423,https://exemplo.com/ticket/0423,0,,
CODE-0424,https://exemplo.com/ticket/0424,0,,
CODE-0425,https://exemplo.com/ticket/0425,0,,
CODE-0426,https://exemplo.com/ticket/0426,0,,
CODE-0427,https://exemplo.com/ticket/0427,0,,
CODE-0428,https://exemplo.com/ticket/0428,0,,
CODE-0429,https://exemplo.com/ticket/0429,0,,
CODE-0430,https://exemplo.com/ticket/0430,0,,
CODE-0431,https://exemplo.com/ticket/0431,0,,
CODE-0432,https://exemplo.com/ticket/0432,0,,
CODE-0433,https://exemplo.com/ticket/0433,0,,
CODE-0434,https://exemplo.com/ticket/0434,0,,
CODE-0435,https://exemplo.com/ticket/0435,0,,
CODE-0436,https://exemplo.com/ticket/0436,0,,
CODE-0437,https://exemplo.com/ticket/0437,0,,
CODE-0438,https://exemplo.com/ticket/0438,0,,
CODE-0439,https://exemplo.com/ticket/0439,0,,
CODE-0440,https://exemplo.com/ticket/0440,1,2025-02-21 18:20:00,192.168.184.188
CODE-0441,https://exemplo.com/ticket/0441,0,,
CODE-0442,https://exemplo.com/ticket/0442,0,,
CODE-0443,https://exemplo.com/ticket/0443,0,,
CODE-0444,https://exemplo.com/ticket/0444,0,,
CODE-0445,https://exemplo.com/ticket/0445,0,,
CODE-0446,https://exemplo.com/ticket/0446,0,,
CODE-0447,https://exemplo.com/ticket/0447,0,,
CODE-0448,https://exemplo.com/ticket/0448,0,,
CODE-0449,https://exemplo.com/ticket/0449,0,,
CODE-0450,https://exemplo.com/ticket/0450,0,,
CODE-0451,https://exemplo.com/ticket/0451,0,,
CODE-0452,https://exemplo.com/ticket/0452,0,,
CODE-0453,https://exemplo.com/ticket/0453,0,,
CODE-0454,https://exemplo.com/ticket/0454,0,,
CODE-0455,https://exemplo.com/ticket/0455,0,,
CODE-0456,https://exemplo.com/ticket/0456,0,,
CODE-0457,https://exemplo.com/ticket/0457,0,,
CODE-0458,https://exemplo.com/ticket/0458,0,,
CODE-0459,https://exemplo.com/ticket/0459,0,,
CODE-0460,https://exemplo.com/ticket/0460,1,2025-02-20 14:40:00,192.168.204.208
CODE-0461,https://exemplo.com/ticket/0461,0,,
CODE-0462,https://exemplo.com/ticket/0462,0,,
CODE-0463,https://exemplo.com/ticket/0463,0,,
CODE-0464,https://exemplo.com/ticket/0464,0,,
CODE-0465,https://exemplo.com/ticket/0465,0,,
CODE-0466,https://exemplo.com/ticket/0466,0,,
CODE-0467,https://exemplo.com/ticket/0467,0,,
CODE-0468,https://exemplo.com/ticket/0468,0,,
CODE-0469,https://exemplo.com/ticket/0469,0,,
CODE-0470,https://exemplo.com/ticket/0470,0,,
CODE-0471,https://exemplo.com/ticket/0471,0,,
CODE-0472,https://exemplo.com/ticket/0472,0,,
CODE-0473,https://exemplo.com/ticket/0473,0,,
CODE-0474,https://exemplo.com/ticket/0474,0,,
CODE-0475,https://exemplo.com/ticket/0475,0,,
CODE-0476,https://exemplo.com/ticket/0476,0,,
CODE-0477,https://exemplo.com/ticket/0477,0,,
CODE-0478,https://exemplo.com/ticket/0478,0,,
CODE-0479,https://exemplo.com/ticket/0479,0,,
CODE-0480,https://exemplo.com/ticket/0480,1,2025-02-19 10:0:00,192.168.224.228
CODE-0481,https://exemplo.com/ticket/0481,0,,
CODE-0482,https://exemplo.com/ticket/0482,0,,
CODE-0483,https://exemplo.com/ticket/0483,0,,
CODE-0484,https://exemplo.com/ticket/0484,0,,
CODE-0485,https://exemplo.com/ticket/0485,0,,
CODE-0486,https://exemplo.com/ticket/0486,0,,
CODE-0487,https://exemplo.com/ticket/0487,0,,
CODE-0488,https://exemplo.com/ticket/0488,0,,
CODE-0489,https://exemplo.com/ticket/0489,0,,
CODE-0490,https://exemplo.com/ticket/0490,0,,
CODE-0491,https://exemplo.com/ticket/0491,0,,
CODE-0492,https://exemplo.com/ticket/0492,0,,
CODE-0493,https://exemplo.com/ticket/0493,0,,
CODE-0494,https://exemplo.com/ticket/0494,0,,
CODE-0495,https://exemplo.com/ticket/0495,0,,
CODE-0496,https://exemplo.com/ticket/0496,0,,
CODE-0497,https://exemplo.com/ticket/0497,0,,
CODE-0498,https://exemplo.com/ticket/0498,0,,
CODE-0499,https://exemplo.com/ticket/0499,0,,
CODE-0500,https://exemplo.com/ticket/0500,1,2025-02-18 18:20:00,192.168.244.248
CODE-0501,https://exemplo.com/ticket/0501,0,,
CODE-0502,https://exemplo.com/ticket/0502,0,,
CODE-0503,https://exemplo.com/ticket/0503,0,,
CODE-0504,https://exemplo.com/ticket/0504,0,,
CODE-0505,https://exemplo.com/ticket/0505,0,,
CODE-0506,https://exemplo.com/ticket/0506,0,,
CODE-0507,https://exemplo.com/ticket/0507,0,,
CODE-0508,https://exemplo.com/ticket/0508,0,,
CODE-0509,https://exemplo.com/ticket/0509,0,,
CODE-0510,https://exemplo.com/ticket/0510,0,,
CODE-0511,https://exemplo.com/ticket/0511,0,,
CODE-0512,https://exemplo.com/ticket/0512,0,,
CODE-0513,https://exemplo.com/ticket/0513,0,,
CODE-0514,https://exemplo.com/ticket/0514,0,,
CODE-0515,https://exemplo.com/ticket/0515,0,,
CODE-0516,https://exemplo.com/ticket/0516,0,,
CODE-0517,https://exemplo.com/ticket/0517,0,,
CODE-0518,https://exemplo.com/ticket/0518,0,,
CODE-0519,https://exemplo.com/ticket/0519,0,,
CODE-0520,https://exemplo.com/ticket/0520,1,2025-02-17 14:40:00,192.168.8.15
CODE-0521,https://exemplo.com/ticket/0521,0,,
CODE-0522,https://exemplo.com/ticket/0522,0,,
CODE-0523,https://exemplo.com/ticket/0523,0,,
CODE-0524,https://exemplo.com/ticket/0524,0,,
CODE-0525,https://exemplo.com/ticket/0525,0,,
CODE-0526,https://exemplo.com/ticket/0526,0,,
CODE-0527,https://exemplo.com/ticket/0527,0,,
CODE-0528,https://exemplo.com/ticket/0528,0,,
CODE-0529,https://exemplo.com/ticket/0529,0,,
CODE-0530,https://exemplo.com/ticket/0530,0,,
CODE-0531,https://exemplo.com/ticket/0531,0,,
CODE-0532,https://exemplo.com/ticket/0532,0,,
CODE-0533,https://exemplo.com/ticket/0533,0,,
CODE-0534,https://exemplo.com/ticket/0534,0,,
CODE-0535,https://exemplo.com/ticket/0535,0,,
CODE-0536,https://exemplo.com/ticket/0536,0,,
CODE-0537,https://exemplo.com/ticket/0537,0,,
CODE-0538,https://exemplo.com/ticket/0538,0,,
CODE-0539,https://exemplo.com/ticket/0539,0,,
CODE-0540,https://exemplo.com/ticket/0540,1,2025-02-16 10:0:00,192.168.28.35
CODE-0541,https://exemplo.com/ticket/0541,0,,
CODE-0542,https://exemplo.com/ticket/0542,0,,
CODE-0543,https://exemplo.com/ticket/0543,0,,
CODE-0544,https://exemplo.com/ticket/0544,0,,
CODE-0545,https://exemplo.com/ticket/0545,0,,
CODE-0546,https://exemplo.com/ticket/0546,0,,
CODE-0547,https://exemplo.com/ticket/0547,0,,
CODE-0548,https://exemplo.com/ticket/0548,0,,
CODE-0549,https://exemplo.com/ticket/0549,0,,
CODE-0550,https://exemplo.com/ticket/0550,0,,
CODE-0551,https://exemplo.com/ticket/0551,0,,
CODE-0552,https://exemplo.com/ticket/0552,0,,
CODE-0553,https://exemplo.com/ticket/0553,0,,
CODE-0554,https://exemplo.com/ticket/0554,0,,
CODE-0555,https://exemplo.com/ticket/0555,0,,
CODE-0556,https://exemplo.com/ticket/0556,0,,
CODE-0557,https://exemplo.com/ticket/0557,0,,
CODE-0558,https://exemplo.com/ticket/0558,0,,
CODE-0559,https://exemplo.com/ticket/0559,0,,
CODE-0560,https://exemplo.com/ticket/0560,1,2025-02-15 18:20:00,192.168.48.55
CODE-0561,https://exemplo.com/ticket/0561,0,,
CODE-0562,https://exemplo.com/ticket/0562,0,,
CODE-0563,https://exemplo.com/ticket/0563,0,,
CODE-0564,https://exemplo.com/ticket/0564,0,,
CODE-0565,https://exemplo.com/ticket/0565,0,,
CODE-0566,https://exemplo.com/ticket/0566,0,,
CODE-0567,https://exemplo.com/ticket/0567,0,,
CODE-0568,https://exemplo.com/ticket/0568,0,,
CODE-0569,https://exemplo.com/ticket/0569,0,,
CODE-0570,https://exemplo.com/ticket/0570,0,,
CODE-0571,https://exemplo.com/ticket/0571,0,,
CODE-0572,https://exemplo.com/ticket/0572,0,,
CODE-0573,https://exemplo.com/ticket/0573,0,,
CODE-0574,https://exemplo.com/ticket/0574,0,,
CODE-0575,https://exemplo.com/ticket/0575,0,,
CODE-0576,https://exemplo.com/ticket/0576,0,,
CODE-0577,https://exemplo.com/ticket/0577,0,,
CODE-0578,https://exemplo.com/ticket/0578,0,,
CODE-0579,https://exemplo.com/ticket/0579,0,,
CODE-0580,https://exemplo.com/ticket/0580,1,2025-02-21 14:40:00,192.168.68.75
CODE-0581,https://exemplo.com/ticket/0581,0,,
CODE-0582,https://exemplo.com/ticket/0582,0,,
CODE-0583,https://exemplo.com/ticket/0583,0,,
CODE-0584,https://exemplo.com/ticket/0584,0,,
CODE-0585,https://exemplo.com/ticket/0585,0,,
CODE-0586,https://exemplo.com/ticket/0586,0,,
CODE-0587,https://exemplo.com/ticket/0587,0,,
CODE-0588,https://exemplo.com/ticket/0588,0,,
CODE-0589,https://exemplo.com/ticket/0589,0,,
CODE-0590,https://exemplo.com/ticket/0590,0,,
CODE-0591,https://exemplo.com/ticket/0591,0,,
CODE-0592,https://exemplo.com/ticket/0592,0,,
CODE-0593,https://exemplo.com/ticket/0593,0,,
CODE-0594,https://exemplo.com/ticket/0594,0,,
CODE-0595,https://exemplo.com/ticket/0595,0,,
CODE-0596,https://exemplo.com/ticket/0596,0,,
CODE-0597,https://exemplo.com/ticket/0597,0,,
CODE-0598,https://exemplo.com/ticket/0598,0,,
CODE-0599,https://exemplo.com/ticket/0599,0,,
CODE-0600,https://exemplo.com/ticket/0600,1,2025-02-20 10:0:00,192.168.88.95
CODE-0601,https://exemplo.com/ticket/0601,0,,
CODE-0602,https://exemplo.com/ticket/0602,0,,
CODE-0603,https://exemplo.com/ticket/0603,0,,
CODE-0604,https://exemplo.com/ticket/0604,0,,
CODE-0605,https://exemplo.com/ticket/0605,0,,
CODE-0606,https://exemplo.com/ticket/0606,0,,
CODE-0607,https://exemplo.com/ticket/0607,0,,
CODE-0608,https://exemplo.com/ticket/0608,0,,
CODE-0609,https://exemplo.com/ticket/0609,0,,
CODE-0610,https://exemplo.com/ticket/0610,0,,
CODE-0611,https://exemplo.com/ticket/0611,0,,
CODE-0612,https://exemplo.com/ticket/0612,0,,
CODE-0613,https://exemplo.com/ticket/0613,0,,
CODE-0614,https://exemplo.com/ticket/0614,0,,
CODE-0615,https://exemplo.com/ticket/0615,0,,
CODE-0616,https://exemplo.com/ticket/0616,0,,
CODE-0617,https://exemplo.com/ticket/0617,0,,
CODE-0618,https://exemplo.com/ticket/0618,0,,
CODE-0619,https://exemplo.com/ticket/0619,0,,
CODE-0620,https://exemplo.com/ticket/0620,1,2025-02-19 18:20:00,192.168.108.115
CODE-0621,https://exemplo.com/ticket/0621,0,,
CODE-0622,https://exemplo.com/ticket/0622,0,,
CODE-0623,https://exemplo.com/ticket/0623,0,,
CODE-0624,https://exemplo.com/ticket/0624,0,,
CODE-0625,https://exemplo.com/ticket/0625,0,,
CODE-0626,https://exemplo.com/ticket/0626,0,,
CODE-0627,https://exemplo.com/ticket/0627,0,,
CODE-0628,https://exemplo.com/ticket/0628,0,,
CODE-0629,https://exemplo.com/ticket/0629,0,,
CODE-0630,https://exemplo.com/ticket/0630,0,,
CODE-0631,https://exemplo.com/ticket/0631,0,,
CODE-0632,https://exemplo.com/ticket/0632,0,,
CODE-0633,https://exemplo.com/ticket/0633,0,,
CODE-0634,https://exemplo.com/ticket/0634,0,,
CODE-0635,https://exemplo.com/ticket/0635,0,,
CODE-0636,https://exemplo.com/ticket/0636,0,,
CODE-0637,https://exemplo.com/ticket/0637,0,,
CODE-0638,https://exemplo.com/ticket/0638,0,,
CODE-0639,https://exemplo.com/ticket/0639,0,,
CODE-0640,https://exemplo.com/ticket/0640,1,2025-02-18 14:40:00,192.168.128.135
CODE-0641,https://exemplo.com/ticket/0641,0,,
CODE-0642,https://exemplo.com/ticket/0642,0,,
CODE-0643,https://exemplo.com/ticket/0643,0,,
CODE-0644,https://exemplo.com/ticket/0644,0,,
CODE-0645,https://exemplo.com/ticket/0645,0,,
CODE-0646,https://exemplo.com/ticket/0646,0,,
CODE-0647,https://exemplo.com/ticket/0647,0,,
CODE-0648,https://exemplo.com/ticket/0648,0,,
CODE-0649,https://exemplo.com/ticket/0649,0,,
CODE-0650,https://exemplo.com/ticket/0650,0,,
CODE-0651,https://exemplo.com/ticket/0651,0,,
CODE-0652,https://exemplo.com/ticket/0652,0,,
CODE-0653,https://exemplo.com/ticket/0653,0,,
CODE-0654,https://exemplo.com/ticket/0654,0,,
CODE-0655,https://exemplo.com/ticket/0655,0,,
CODE-0656,https://exemplo.com/ticket/0656,0,,
CODE-0657,https://exemplo.com/ticket/0657,0,,
CODE-0658,https://exemplo.com/ticket/0658,0,,
CODE-0659,https://exemplo.com/ticket/0659,0,,
CODE-0660,https://exemplo.com/ticket/0660,1,2025-02-17 10:0:00,192.168.148.155
CODE-0661,https://exemplo.com/ticket/0661,0,,
CODE-0662,https://exemplo.com/ticket/0662,0,,
CODE-0663,https://exemplo.com/ticket/0663,0,,
CODE-0664,https://exemplo.com/ticket/0664,0,,
CODE-0665,https://exemplo.com/ticket/0665,0,,
CODE-0666,https://exemplo.com/ticket/0666,0,,
CODE-0667,https://exemplo.com/ticket/0667,0,,
CODE-0668,https://exemplo.com/ticket/0668,0,,
CODE-0669,https://exemplo.com/ticket/0669,0,,
CODE-0670,https://exemplo.com/ticket/0670,0,,
CODE-0671,https://exemplo.com/ticket/0671,0,,
CODE-0672,https://exemplo.com/ticket/0672,0,,
CODE-0673,https://exemplo.com/ticket/0673,0,,
CODE-0674,https://exemplo.com/ticket/0674,0,,
CODE-0675,https://exemplo.com/ticket/0675,0,,
CODE-0676,https://exemplo.com/ticket/0676,0,,
CODE-0677,https://exemplo.com/ticket/0677,0,,
CODE-0678,https://exemplo.com/ticket/0678,0,,
CODE-0679,https://exemplo.com/ticket/0679,0,,
CODE-0680,https://exemplo.com/ticket/0680,1,2025-02-16 18:20:00,192.168.168.175
CODE-0681,https://exemplo.com/ticket/0681,0,,
CODE-0682,https://exemplo.com/ticket/0682,0,,
CODE-0683,https://exemplo.com/ticket/0683,0,,
CODE-0684,https://exemplo.com/ticket/0684,0,,
CODE-0685,https://exemplo.com/ticket/0685,0,,
CODE-0686,https://exemplo.com/ticket/0686,0,,
CODE-0687,https://exemplo.com/ticket/0687,0,,
CODE-0688,https://exemplo.com/ticket/0688,0,,
CODE-0689,https://exemplo.com/ticket/0689,0,,
CODE-0690,https://exemplo.com/ticket/0690,0,,
CODE-0691,https://exemplo.com/ticket/0691,0,,
CODE-0692,https://exemplo.com/ticket/0692,0,,
CODE-0693,https://exemplo.com/ticket/0693,0,,
CODE-0694,https://exemplo.com/ticket/0694,0,,
CODE-0695,https://exemplo.com/ticket/0695,0,,
CODE-0696,https://exemplo.com/ticket/0696,0,,
CODE-0697,https://exemplo.com/ticket/0697,0,,
CODE-0698,https://exemplo.com/ticket/0698,0,,
CODE-0699,https://exemplo.com/ticket/0699,0,,
CODE-0700,https://exemplo.com/ticket/0700,1,2025-02-15 14:40:00,192.168.188.195
CODE-0701,https://exemplo.com/ticket/0701,0,,
CODE-0702,https://exemplo.com/ticket/0702,0,,
CODE-0703,https://exemplo.com/ticket/0703,0,,
CODE-0704,https://exemplo.com/ticket/0704,0,,
CODE-0705,https://exemplo.com/ticket/0705,0,,
CODE-0706,https://exemplo.com/ticket/0706,0,,
CODE-0707,https://exemplo.com/ticket/0707,0,,
CODE-0708,https://exemplo.com/ticket/0708,0,,
CODE-0709,https://exemplo.com/ticket/0709,0,,
CODE-0710,https://exemplo.com/ticket/0710,0,,
CODE-0711,https://exemplo.com/ticket/0711,0,,
CODE-0712,https://exemplo.com/ticket/0712,0,,
CODE-0713,https://exemplo.com/ticket/0713,0,,
CODE-0714,https://exemplo.com/ticket/0714,0,,
CODE-0715,https://exemplo.com/ticket/0715,0,,
CODE-0716,https://exemplo.com/ticket/0716,0,,
CODE-0717,https://exemplo.com/ticket/0717,0,,
CODE-0718,https://exemplo.com/ticket/0718,0,,
CODE-0719,https://exemplo.com/ticket/0719,0,,
CODE-0720,https://exemplo.com/ticket/0720,1,2025-02-21 10:0:00,192.168.208.215
CODE-0721,https://exemplo.com/ticket/0721,0,,
CODE-0722,https://exemplo.com/ticket/0722,0,,
CODE-0723,https://exemplo.com/ticket/0723,0,,
CODE-0724,https://exemplo.com/ticket/0724,0,,
CODE-0725,https://exemplo.com/ticket/0725,0,,
CODE-0726,https://exemplo.com/ticket/0726,0,,
CODE-0727,https://exemplo.com/ticket/0727,0,,
CODE-0728,https://exemplo.com/ticket/0728,0,,
CODE-0729,https://exemplo.com/ticket/0729,0,,
CODE-0730,https://exemplo.com/ticket/0730,0,,
CODE-0731,https://exemplo.com/ticket/0731,0,,
CODE-0732,https://exemplo.com/ticket/0732,0,,
CODE-0733,https://exemplo.com/ticket/0733,0,,
CODE-0734,https://exemplo.com/ticket/0734,0,,
CODE-0735,https://exemplo.com/ticket/0735,0,,
CODE-0736,https://exemplo.com/ticket/0736,0,,
CODE-0737,https://exemplo.com/ticket/0737,0,,
CODE-0738,https://exemplo.com/ticket/0738,0,,
CODE-0739,https://exemplo.com/ticket/0739,0,,
CODE-0740,https://exemplo.com/ticket/0740,1,2025-02-20 18:20:00,192.168.228.235
CODE-0741,https://exemplo.com/ticket/0741,0,,
CODE-0742,https://exemplo.com/ticket/0742,0,,
CODE-0743,https://exemplo.com/ticket/0743,0,,
CODE-0744,https://exemplo.com/ticket/0744,0,,
CODE-0745,https://exemplo.com/ticket/0745,0,,
CODE-0746,https://exemplo.com/ticket/0746,0,,
CODE-0747,https://exemplo.com/ticket/0747,0,,
CODE-0748,https://exemplo.com/ticket/0748,0,,
CODE-0749,https://exemplo.com/ticket/0749,0,,
CODE-0750,https://exemplo.com/ticket/0750,0,,
CODE-0751,https://exemplo.com/ticket/0751,0,,
CODE-0752,https://exemplo.com/ticket/0752,0,,
CODE-0753,https://exemplo.com/ticket/0753,0,,
CODE-0754,https://exemplo.com/ticket/0754,0,,
CODE-0755,https://exemplo.com/ticket/0755,0,,
CODE-0756,https://exemplo.com/ticket/0756,0,,
CODE-0757,https://exemplo.com/ticket/0757,0,,
CODE-0758,https://exemplo.com/ticket/0758,0,,
CODE-0759,https://exemplo.com/ticket/0759,0,,
CODE-0760,https://exemplo.com/ticket/0760,1,2025-02-19 14:40:00,192.168.248.2
CODE-0761,https://exemplo.com/ticket/0761,0,,
CODE-0762,https://exemplo.com/ticket/0762,0,,
CODE-0763,https://exemplo.com/ticket/0763,0,,
CODE-0764,https://exemplo.com/ticket/0764,0,,
CODE-0765,https://exemplo.com/ticket/0765,0,,
CODE-0766,https://exemplo.com/ticket/0766,0,,
CODE-0767,https://exemplo.com/ticket/0767,0,,
CODE-0768,https://exemplo.com/ticket/0768,0,,
CODE-0769,https://exemplo.com/ticket/0769,0,,
CODE-0770,https://exemplo.com/ticket/0770,0,,
CODE-0771,https://exemplo.com/ticket/0771,0,,
CODE-0772,https://exemplo.com/ticket/0772,0,,
CODE-0773,https://exemplo.com/ticket/0773,0,,
CODE-0774,https://exemplo.com/ticket/0774,0,,
CODE-0775,https://exemplo.com/ticket/0775,0,,
CODE-0776,https://exemplo.com/ticket/0776,0,,
CODE-0777,https://exemplo.com/ticket/0777,0,,
CODE-0778,https://exemplo.com/ticket/0778,0,,
CODE-0779,https://exemplo.com/ticket/0779,0,,
CODE-0780,https://exemplo.com/ticket/0780,1,2025-02-18 10:0:00,192.168.12.22
CODE-0781,https://exemplo.com/ticket/0781,0,,
CODE-0782,https://exemplo.com/ticket/0782,0,,
CODE-0783,https://exemplo.com/ticket/0783,0,,
CODE-0784,https://exemplo.com/ticket/0784,0,,
CODE-0785,https://exemplo.com/ticket/0785,0,,
CODE-0786,https://exemplo.com/ticket/0786,0,,
CODE-0787,https://exemplo.com/ticket/0787,0,,
CODE-0788,https://exemplo.com/ticket/0788,0,,
CODE-0789,https://exemplo.com/ticket/0789,0,,
CODE-0790,https://exemplo.com/ticket/0790,0,,
CODE-0791,https://exemplo.com/ticket/0791,0,,
CODE-0792,https://exemplo.com/ticket/0792,0,,
CODE-0793,https://exemplo.com/ticket/0793,0,,
CODE-0794,https://exemplo.com/ticket/0794,0,,
CODE-0795,https://exemplo.com/ticket/0795,0,,
CODE-0796,https://exemplo.com/ticket/0796,0,,
CODE-0797,https://exemplo.com/ticket/0797,0,,
CODE-0798,https://exemplo.com/ticket/0798,0,,
CODE-0799,https://exemplo.com/ticket/0799,0,,
CODE-0800,https://exemplo.com/ticket/0800,1,2025-02-17 18:20:00,192.168.32.42
CODE-0801,https://exemplo.com/ticket/0801,0,,
CODE-0802,https://exemplo.com/ticket/0802,0,,
CODE-0803,https://exemplo.com/ticket/0803,0,,
CODE-0804,https://exemplo.com/ticket/0804,0,,
CODE-0805,https://exemplo.com/ticket/0805,0,,
CODE-0806,https://exemplo.com/ticket/0806,0,,
CODE-0807,https://exemplo.com/ticket/0807,0,,
CODE-0808,https://exemplo.com/ticket/0808,0,,
CODE-0809,https://exemplo.com/ticket/0809,0,,
CODE-0810,https://exemplo.com/ticket/0810,0,,
CODE-0811,https://exemplo.com/ticket/0811,0,,
CODE-0812,https://exemplo.com/ticket/0812,0,,
CODE-0813,https://exemplo.com/ticket/0813,0,,
CODE-0814,https://exemplo.com/ticket/0814,0,,
CODE-0815,https://exemplo.com/ticket/0815,0,,
CODE-0816,https://exemplo.com/ticket/0816,0,,
CODE-0817,https://exemplo.com/ticket/0817,0,,
CODE-0818,https://exemplo.com/ticket/0818,0,,
CODE-0819,https://exemplo.com/ticket/0819,0,,
CODE-0820,https://exemplo.com/ticket/0820,1,2025-02-16 14:40:00,192.168.52.62
CODE-0821,https://exemplo.com/ticket/0821,0,,
CODE-0822,https://exemplo.com/ticket/0822,0,,
CODE-0823,https://exemplo.com/ticket/0823,0,,
CODE-0824,https://exemplo.com/ticket/0824,0,,
CODE-0825,https://exemplo.com/ticket/0825,0,,
CODE-0826,https://exemplo.com/ticket/0826,0,,
CODE-0827,https://exemplo.com/ticket/0827,0,,
CODE-0828,https://exemplo.com/ticket/0828,0,,
CODE-0829,https://exemplo.com/ticket/0829,0,,
CODE-0830,https://exemplo.com/ticket/0830,0,,
CODE-0831,https://exemplo.com/ticket/0831,0,,
CODE-0832,https://exemplo.com/ticket/0832,0,,
CODE-0833,https://exemplo.com/ticket/0833,0,,
CODE-0834,https://exemplo.com/ticket/0834,0,,
CODE-0835,https://exemplo.com/ticket/0835,0,,
CODE-0836,https://exemplo.com/ticket/0836,0,,
CODE-0837,https://exemplo.com/ticket/0837,0,,
CODE-0838,https://exemplo.com/ticket/0838,0,,
CODE-0839,https://exemplo.com/ticket/0839,0,,
CODE-0840,https://exemplo.com/ticket/0840,1,2025-02-15 10:0:00,192.168.72.82
CODE-0841,https://exemplo.com/ticket/0841,0,,
CODE-0842,https://exemplo.com/ticket/0842,0,,
CODE-0843,https://exemplo.com/ticket/0843,0,,
CODE-0844,https://exemplo.com/ticket/0844,0,,
CODE-0845,https://exemplo.com/ticket/0845,0,,
CODE-0846,https://exemplo.com/ticket/0846,0,,
CODE-0847,https://exemplo.com/ticket/0847,0,,
CODE-0848,https://exemplo.com/ticket/0848,0,,
CODE-0849,https://exemplo.com/ticket/0849,0,,
CODE-0850,https://exemplo.com/ticket/0850,0,,
CODE-0851,https://exemplo.com/ticket/0851,0,,
CODE-0852,https://exemplo.com/ticket/0852,0,,
CODE-0853,https://exemplo.com/ticket/0853,0,,
CODE-0854,https://exemplo.com/ticket/0854,0,,
CODE-0855,https://exemplo.com/ticket/0855,0,,
CODE-0856,https://exemplo.com/ticket/0856,0,,
CODE-0857,https://exemplo.com/ticket/0857,0,,
CODE-0858,https://exemplo.com/ticket/0858,0,,
CODE-0859,https://exemplo.com/ticket/0859,0,,
CODE-0860,https://exemplo.com/ticket/0860,1,2025-02-21 18:20:00,192.168.92.102
CODE-0861,https://exemplo.com/ticket/0861,0,,
CODE-0862,https://exemplo.com/ticket/0862,0,,
CODE-0863,https://exemplo.com/ticket/0863,0,,
CODE-0864,https://exemplo.com/ticket/0864,0,,
CODE-0865,https://exemplo.com/ticket/0865,0,,
CODE-0866,https://exemplo.com/ticket/0866,0,,
CODE-0867,https://exemplo.com/ticket/0867,0,,
CODE-0868,https://exemplo.com/ticket/0868,0,,
CODE-0869,https://exemplo.com/ticket/0869,0,,
CODE-0870,https://exemplo.com/ticket/0870,0,,
CODE-0871,https://exemplo.com/ticket/0871,0,,
CODE-0872,https://exemplo.com/ticket/0872,0,,
CODE-0873,https://exemplo.com/ticket/0873,0,,
CODE-0874,https://exemplo.com/ticket/0874,0,,
CODE-0875,https://exemplo.com/ticket/0875,0,,
CODE-0876,https://exemplo.com/ticket/0876,0,,
CODE-0877,https://exemplo.com/ticket/0877,0,,
CODE-0878,https://exemplo.com/ticket/0878,0,,
CODE-0879,https://exemplo.com/ticket/0879,0,,
CODE-0880,https://exemplo.com/ticket/0880,1,2025-02-20 14:40:00,192.168.112.122
CODE-0881,https://exemplo.com/ticket/0881,0,,
CODE-0882,https://exemplo.com/ticket/0882,0,,
CODE-0883,https://exemplo.com/ticket/0883,0,,
CODE-0884,https://exemplo.com/ticket/0884,0,,
CODE-0885,https://exemplo.com/ticket/0885,0,,
CODE-0886,https://exemplo.com/ticket/0886,0,,
CODE-0887,https://exemplo.com/ticket/0887,0,,
CODE-0888,https://exemplo.com/ticket/0888,0,,
CODE-0889,https://exemplo.com/ticket/0889,0,,
CODE-0890,https://exemplo.com/ticket/0890,0,,
CODE-0891,https://exemplo.com/ticket/0891,0,,
CODE-0892,https://exemplo.com/ticket/0892,0,,
CODE-0893,https://exemplo.com/ticket/0893,0,,
CODE-0894,https://exemplo.com/ticket/0894,0,,
CODE-0895,https://exemplo.com/ticket/0895,0,,
CODE-0896,https://exemplo.com/ticket/0896,0,,
CODE-0897,https://exemplo.com/ticket/0897,0,,
CODE-0898,https://exemplo.com/ticket/0898,0,,
CODE-0899,https://exemplo.com/ticket/0899,0,,
CODE-0900,https://exemplo.com/ticket/0900,1,2025-02-19 10:0:00,192.168.132.142
CODE-0901,https://exemplo.com/ticket/0901,0,,
CODE-0902,https://exemplo.com/ticket/0902,0,,
CODE-0903,https://exemplo.com/ticket/0903,0,,
CODE-0904,https://exemplo.com/ticket/0904,0,,
CODE-0905,https://exemplo.com/ticket/0905,0,,
CODE-0906,https://exemplo.com/ticket/0906,0,,
CODE-0907,https://exemplo.com/ticket/0907,0,,
CODE-0908,https://exemplo.com/ticket/0908,0,,
CODE-0909,https://exemplo.com/ticket/0909,0,,
CODE-0910,https://exemplo.com/ticket/0910,0,,
CODE-0911,https://exemplo.com/ticket/0911,0,,
CODE-0912,https://exemplo.com/ticket/0912,0,,
CODE-0913,https://exemplo.com/ticket/0913,0,,
CODE-0914,https://exemplo.com/ticket/0914,0,,
CODE-0915,https://exemplo.com/ticket/0915,0,,
CODE-0916,https://exemplo.com/ticket/0916,0,,
CODE-0917,https://exemplo.com/ticket/0917,0,,
CODE-0918,https://exemplo.com/ticket/0918,0,,
CODE-0919,https://exemplo.com/ticket/0919,0,,
CODE-0920,https://exemplo.com/ticket/0920,1,2025-02-18 18:20:00,192.168.152.162
CODE-0921,https://exemplo.com/ticket/0921,0,,
CODE-0922,https://exemplo.com/ticket/0922,0,,
CODE-0923,https://exemplo.com/ticket/0923,0,,
CODE-0924,https://exemplo.com/ticket/0924,0,,
CODE-0925,https://exemplo.com/ticket/0925,0,,
CODE-0926,https://exemplo.com/ticket/0926,0,,
CODE-0927,https://exemplo.com/ticket/0927,0,,
CODE-0928,https://exemplo.com/ticket/0928,0,,
CODE-0929,https://exemplo.com/ticket/0929,0,,
CODE-0930,https://exemplo.com/ticket/0930,0,,
CODE-0931,https://exemplo.com/ticket/0931,0,,
CODE-0932,https://exemplo.com/ticket/0932,0,,
CODE-0933,https://exemplo.com/ticket/0933,0,,
CODE-0934,https://exemplo.com/ticket/0934,0,,
CODE-0935,https://exemplo.com/ticket/0935,0,,
CODE-0936,https://exemplo.com/ticket/0936,0,,
CODE-0937,https://exemplo.com/ticket/0937,0,,
CODE-0938,https://exemplo.com/ticket/0938,0,,
CODE-0939,https://exemplo.com/ticket/0939,0,,
CODE-0940,https://exemplo.com/ticket/0940,1,2025-02-17 14:40:00,192.168.172.182
CODE-0941,https://exemplo.com/ticket/0941,0,,
CODE-0942,https://exemplo.com/ticket/0942,0,,
CODE-0943,https://exemplo.com/ticket/0943,0,,
CODE-0944,https://exemplo.com/ticket/0944,0,,
CODE-0945,https://exemplo.com/ticket/0945,0,,
CODE-0946,https://exemplo.com/ticket/0946,0,,
CODE-0947,https://exemplo.com/ticket/0947,0,,
CODE-0948,https://exemplo.com/ticket/0948,0,,
CODE-0949,https://exemplo.com/ticket/0949,0,,
CODE-0950,https://exemplo.com/ticket/0950,0,,
CODE-0951,https://exemplo.com/ticket/0951,0,,
CODE-0952,https://exemplo.com/ticket/0952,0,,
CODE-0953,https://exemplo.com/ticket/0953,0,,
CODE-0954,https://exemplo.com/ticket/0954,0,,
CODE-0955,https://exemplo.com/ticket/0955,0,,
CODE-0956,https://exemplo.com/ticket/0956,0,,
CODE-0957,https://exemplo.com/ticket/0957,0,,
CODE-0958,https://exemplo.com/ticket/0958,0,,
CODE-0959,https://exemplo.com/ticket/0959,0,,
CODE-0960,https://exemplo.com/ticket/0960,1,2025-02-16 10:0:00,192.168.192.202
CODE-0961,https://exemplo.com/ticket/0961,0,,
CODE-0962,https://exemplo.com/ticket/0962,0,,
CODE-0963,https://exemplo.com/ticket/0963,0,,
CODE-0964,https://exemplo.com/ticket/0964,0,,
CODE-0965,https://exemplo.com/ticket/0965,0,,
CODE-0966,https://exemplo.com/ticket/0966,0,,
CODE-0967,https://exemplo.com/ticket/0967,0,,
CODE-0968,https://exemplo.com/ticket/0968,0,,
CODE-0969,https://exemplo.com/ticket/0969,0,,
CODE-0970,https://exemplo.com/ticket/0970,0,,
CODE-0971,https://exemplo.com/ticket/0971,0,,
CODE-0972,https://exemplo.com/ticket/0972,0,,
CODE-0973,https://exemplo.com/ticket/0973,0,,
CODE-0974,https://exemplo.com/ticket/0974,0,,
CODE-0975,https://exemplo.com/ticket/0975,0,,
CODE-0976,https://exemplo.com/ticket/0976,0,,
CODE-0977,https://exemplo.com/ticket/0977,0,,
CODE-0978,https://exemplo.com/ticket/0978,0,,
CODE-0979,https://exemplo.com/ticket/0979,0,,
CODE-0980,https://exemplo.com/ticket/0980,1,2025-02-15 18:20:00,192.168.212.222
CODE-0981,https://exemplo.com/ticket/0981,0,,
CODE-0982,https://exemplo.com/ticket/0982,0,,
CODE-0983,https://exemplo.com/ticket/0983,0,,
CODE-0984,https://exemplo.com/ticket/0984,0,,
CODE-0985,https://exemplo.com/ticket/0985,0,,
CODE-0986,https://exemplo.com/ticket/0986,0,,
CODE-0987,https://exemplo.com/ticket/0987,0,,
CODE-0988,https://exemplo.com/ticket/0988,0,,
CODE-0989,https://exemplo.com/ticket/0989,0,,
CODE-0990,https://exemplo.com/ticket/0990,0,,
CODE-0991,https://exemplo.com/ticket/0991,0,,
CODE-0992,https://exemplo.com/ticket/0992,0,,
CODE-0993,https://exemplo.com/ticket/0993,0,,
CODE-0994,https://exemplo.com/ticket/0994,0,,
CODE-0995,https://exemplo.com/ticket/0995,0,,
CODE-0996,https://exemplo.com/ticket/0996,0,,
CODE-0997,https://exemplo.com/ticket/0997,0,,
CODE-0998,https://exemplo.com/ticket/0998,0,,
CODE-0999,https://exemplo.com/ticket/0999,0,,
CODE-1000,https://exemplo.com/ticket/1000,1,2025-02-21 14:40:00,192.168.232.242
